company,State,City
Roche,CA,Pleasanton
"Personalis, Inc",CA,Menlo Park
"TurnKey Staffing, LLC",PA,Philadelphia
Goldfinch Bio,MA,Cambridge
Kite Pharma,CA,Santa Monica
Novartis,MA,Cambridge
University of Washington,WA,Seattle
Cleveland Clinic,OH,Cleveland
University of North Carolina at Charlotte,NC,Charlotte
Harvard University,MA,Cambridge
"Bio-Rad Laboratories, Inc.",CA,Pleasanton
Sound Agriculture,CA,Emeryville
Boston University,MA,Boston
"ArcherDX, Inc.",CO,Boulder
Quantapore,CA,South San Francisco
Buck Institute for Research on Aging,CA,Novato
Frederick National Laboratories,MD,Frederick
"Checkerspot, Inc.",CA,Berkeley
NVIDIA,CA,Santa Clara
23andMe,CA,Sunnyvale
Allen Institute for Immunology,WA,Seattle
Genus,WI,Wisconsin
MaxisIT Inc,NY,New York
City of Hope,CA,Irwindale
The University of Texas Health Science Center at Houston,TX,Houston
Tekruiting,CA,San Jose
SummerBio,CA,Menlo Park
The University of Texas Health Science Center at Houston,TX,Houston
Areté,CA,Northridge
"BioFire Diagnostics, LLC.",UT,Salt Lake City
United Therapeutics,DC,Washington
Genus PLC,WI,Waunakee
"Lineagen, Inc.",UT,Salt Lake City
10x Genomics,CA,Pleasanton
Frederick National Laboratory,MD,Frederick
Penfield Search Partners,CT,Fairfield
Fulgent Genetics,GA,Atlanta
Novartis,MA,Cambridge
"BioFire Diagnostics, LLC.",UT,Salt Lake City
"IHRC, Inc.",GA,Atlanta
Eclipse BioInnovations,CA,San Diego
Merck,MA,Cambridge
Synbio Technologies,NJ,Monmouth Junction
Brigham & Women's Hospital(BWH),MA,Boston
Bio-techne,CT,Wallingford
Fulgent Genetics,CA,Temple City
MedGenome,CA,Foster City
Novartis,MA,Cambridge
"Aperiomics, Inc",VA,Sterling
SEMA4,CT,Stamford
Florida Gulf Coast University,FL,Fort Myers
J. Craig Venter Institute,CA,La Jolla
NVIDIA,CA,Santa Clara
GeneDx,MD,Gaithersburg
AdvaGenix,MD,Rockville
Monte Rosa Therapeutics,MA,Boston
Tekruiting,CA,San Jose
Fulgent Genetics,GA,Atlanta
"BioFire Diagnostics, LLC.",UT,Salt Lake City
Quantapore,CA,South San Francisco
Qiagen,MD,Frederick
QIAGEN,MD,Frederick
Sciome LLC,NC,Research Triangle Park
"University of Nevada, Reno",NV,Reno
Medical College of Wisconsin,WI,Milwaukee
Boston University,MA,Boston
North Carolina State University,NC,Raleigh
Leidos,CA,San Diego
Takeda Pharmaceutical,MA,Cambridge
UCLA Health,CA,Los Angeles
Eclipse BioInnovations,CA,San Diego
SummerBio,CA,Menlo Park
Tekruiting,CA,San Jose
Areté,CA,Northridge
LifeMine,MA,Cambridge
Decipher Biosciences,CA,San Diego
Exact Sciences Corporation,AZ,Phoenix
GSK,MD,Rockville
"Checkerspot, Inc.",CA,Berkeley
Leidos,CA,San Diego
Novartis,MA,Cambridge
"IHRC, Inc.",GA,Atlanta
AdvaGenix,MD,Rockville
Tekruiting,CA,San Jose
Kite Pharma,CA,Santa Monica
Eclipse BioInnovations,CA,San Diego
Boston Children's Hospital,MA,Boston
Personalis,CA,Menlo Park
GSK,PA,Collegeville
Allen Institute for Immunology,WA,Seattle
Centrillion,CA,Palo Alto
SummerBio,CA,Menlo Park
Roche,CA,Pleasanton
"IHRC, Inc.",GA,Atlanta
Areté,CA,Northridge
Frederick National Laboratories,MD,Frederick
"Checkerspot, Inc.",CA,Berkeley
"GENEWIZ, Inc.",NJ,South Plainfield
Novartis,MA,Cambridge
Takeda Pharmaceutical,MA,Boston
"GENEWIZ, Inc.",NJ,South Plainfield
Chinook Therapeutics,WA,Seattle
Fred Hutchinson Cancer Research Center,WA,Seattle
NYU Langone,NY,New York
Fulgent Genetics,CA,Temple City
Quantapore,CA,South San Francisco
Directed Genomics,MA,Watertown
The University of Texas Health Science Center at Houston,TX,Houston
Frederick National Laboratories,MD,Bethesda
Boston Children's Hospital,MA,Boston
Providence Health & Services,OR,Portland
Dana-Farber Cancer Institute,MA,Boston
"Psomagen, Inc.",MD,Rockville
United Therapeutics,DC,Washington
"BioFire Diagnostics, LLC.",UT,Salt Lake City
Kite Pharma,CA,Santa Monica
Novartis,MA,Cambridge
Areté,CA,Northridge
Directed Genomics,MA,Watertown
Tekruiting,CA,San Jose
"GENEWIZ, Inc.",NJ,South Plainfield
Eclipse BioInnovations,CA,San Diego
"Alto Neuroscience, Inc",CA,San Francisco Bay Area
Kite Pharma,CA,Santa Monica
GENENTECH,CA,South San Francisco
3T Biosciences,CA,South San Francisco
Penn State University,PA,University Park
Genesis Biotechnology Group,NJ,Township of Hamilton
Qiagen,MD,Frederick
"Checkerspot, Inc.",CA,Berkeley
Roche,CA,Pleasanton
UCLA Health,CA,Los Angeles
Takeda Pharmaceutical,MA,Boston
"IHRC, Inc.",GA,Atlanta
Tekruiting,CA,San Jose
Takeda Pharmaceutical,MA,Boston
Eclipse BioInnovations,CA,San Diego
Kite Pharma,CA,Santa Monica
MedGenome,CA,Foster City
Areté,CA,Northridge
QIAGEN,MD,Frederick
University of California San Francisco,CA,San Francisco
Genewiz,NJ,South Plainfield
Catalytic Data Science,CT,Connecticut
Guardant Health,CA,Redwood City
SEMA4,CT,Stamford
NemaLife Inc,TX,Houston
Takeda Pharmaceutical,MA,Cambridge
"GENEWIZ, Inc.",NJ,South Plainfield
UCLA Health,CA,Los Angeles
Novartis,MA,Cambridge
Tekruiting,CA,San Jose
BioCompanion,MD,Rockville
Sangamo Therapeutics,CA,Richmond
DermTech,CA,San Diego
IQVIA,NC,Durham
Asuragen Inc,TX,Austin
Children's Hospital of Philadelphia,PA,Philadelphia
Simons Foundation,NY,New York
Integrated DNA Technologies (IDT),IA,Coralville
"Checkerspot, Inc.",CA,Berkeley
"Personalis, Inc",CA,Menlo Park
SummerBio,CA,Menlo Park
Buck Institute for Research on Aging,CA,Novato
UCLA Health,CA,Los Angeles
Takeda Pharmaceutical,MA,Boston
Roche,CA,Pleasanton
"GENEWIZ, Inc.",NJ,South Plainfield
TwinStrand Biosciences,WA,Seattle
UNC Charlotte,NC,Charlotte
QIAGEN,MD,Frederick
"Cipherome, Inc",CA,San Jose
Allen Institute for Immunology,WA,Seattle
Nautilus Bio,CA,San Carlos
Thermo Fisher Scientific,CA,Los Angeles
Areté,CA,Northridge
"IHRC, Inc.",GA,Atlanta
Eclipse BioInnovations,CA,San Diego
Tekruiting,CA,San Jose
"GENEWIZ, Inc.",NJ,South Plainfield
UCLA Health,CA,Los Angeles
Scripps Research,FL,Jupiter
"Signature Science, LLC",TX,Austin
MIT Lincoln Laboratory,MA,Lexington
"Dovel Technologies, LLC",MD,Bethesda
University of Colorado,CO,Aurora
"Checkerspot, Inc.",CA,Berkeley
Frederick National Laboratories,MD,Frederick
Novartis,MA,Cambridge
Buck Institute for Research on Aging,CA,Novato
Directed Genomics,MA,Watertown
"GENEWIZ, Inc.",NJ,South Plainfield
Takeda Pharmaceutical,MA,Boston
Tekruiting,CA,San Jose
"GENEWIZ, Inc.",NJ,South Plainfield
Invitae,CA,San Francisco
"Personalis, Inc",CA,Menlo Park
PPD,NC,Wilmington
La Jolla Institute for Immunology,CA,San Diego
Stanford University,CA,Stanford
Cold Spring Harbor Laboratory,NY,Cold Spg Hbr
University of Utah,UT,Salt Lake City
Frederick National Laboratories,MD,Frederick
Vanderbilt University Medical Center,TN,Nashville
"BioFire Diagnostics, LLC.",UT,Salt Lake City
"IHRC, Inc.",GA,Atlanta
Takeda Pharmaceutical,MA,Boston
Takeda Pharmaceutical,MA,Boston
Arrayo,MA,Cambridge
The University of Texas Health Science Center at H...,TX,Houston
The Translational Genomics Research Institute,AZ,Phoenix
Regeneron,NY,Tarrytown
"GENEWIZ, Inc.",NJ,South Plainfield
Drexel University,PA,Philadelphia
Roche,CA,Pleasanton
Kite Pharma,CA,Santa Monica
"IHRC, Inc.",GA,Atlanta
Tekruiting,CA,San Jose
Takeda Pharmaceutical,MA,Boston
Qiagen,MD,Frederick
Viome,NY,New York
Medgene Labs,SD,Brookings
Merck,MA,Boston
Takeda Pharmaceutical,MA,Boston
Leidos,CA,San Diego
Vanderbilt University Medical Center,TN,Nashville
"GENEWIZ, Inc.",NJ,South Plainfield
UCLA Health,CA,Los Angeles
SummerBio,CA,Menlo Park
Takeda Pharmaceutical,MA,Cambridge
UCLA Health,CA,Los Angeles
SEMA4,CT,Stamford
BRS,GA,Atlanta
GenoSensor Corporation,AZ,Tempe
United Therapeutics,NC,Research Triangle Park
Broad Institute,MA,Cambridge
Axle Informatics,MD,Rockville
AdvaGenix,MD,Rockville
Takeda Pharmaceutical,MA,Boston
Buck Institute for Research on Aging,CA,Novato
Tekruiting,CA,San Jose
"BioFire Diagnostics, LLC.",UT,Salt Lake City
Roche,CA,Pleasanton
"Personalis, Inc",CA,Menlo Park
"Valent BioSciences, LLC",IL,Libertyville
"Visolis, Inc",CA,Hayward
"Flagship Pioneering, Inc.",MA,Cambridge
Emory,GA,Atlanta
"Psomagen, Inc.",MD,Rockville
SummerBio,CA,Menlo Park
Frederick National Laboratories,MD,Frederick
"IHRC, Inc.",GA,Atlanta
Kite Pharma,CA,Santa Monica
Novartis,MA,Cambridge
Takeda Pharmaceutical,MA,Boston
"Flagship Pioneering, Inc.",MA,Cambridge
Massachusetts General Hospital(MGH),MA,Boston
University of Tennessee,TN,Memphis
Basepaws,CA,Los Angeles
City of Hope,CA,Irwindale
"BioFire Diagnostics, LLC.",UT,Salt Lake City
Frederick National Laboratory,MD,Frederick
Novartis,MA,Cambridge
Takeda Pharmaceutical,MA,Boston
"GENEWIZ, Inc.",NJ,South Plainfield
UCLA Health,CA,Los Angeles
Kite Pharma,CA,Santa Monica
"IHRC, Inc.",GA,Atlanta
Eclipse BioInnovations,CA,San Diego
Takeda Pharmaceutical,MA,Boston
Tekruiting,CA,San Jose
Takeda Pharmaceutical,MA,Boston
Illumina,CA,San Diego
CAMRIS,MT,Hamilton
Thermo Fisher Scientific,WI,Madison
Ultragenyx Pharmaceutical,CA,Novato
NemaLife Inc,TX,Lubbock
"Personalis, Inc",CA,Menlo Park
Fulgent Genetics,CA,Temple City
SummerBio,CA,Menlo Park
Quantapore,CA,South San Francisco
Fulgent Genetics,GA,Atlanta
Roche,CA,Pleasanton
Frederick National Laboratories,MD,Frederick
BioCompanion,MD,Rockville
University of Massachusetts Lowell,MA,Lowell
Bayer,CA,Woodland
Thermo Fisher Scientific,MI,Ann Arbor
INVIVOSCRIBE INC,CA,San Diego
Kite Pharma,CA,Santa Monica
Tekruiting,CA,San Jose
Takeda Pharmaceutical,MA,Boston
"GENEWIZ, Inc.",NJ,South Plainfield
UCLA Health,CA,Los Angeles
Takeda Pharmaceutical,MA,Boston
Novartis,MA,Cambridge
"IHRC, Inc.",GA,Atlanta
Eclipse BioInnovations,CA,San Diego
GENENTECH,CA,South San Francisco
NYU Langone,NY,New York
"GRAIL, Inc.",CA,Menlo Park
NeoGenomics Laboratories,FL,Fort Myers
Expedite,NC,Durham
Envisagenics,NY,New York
MedGenome,CA,Foster City
Roche,CA,Pleasanton
Leidos,CA,San Diego
Directed Genomics,MA,Watertown
Novartis,MA,Cambridge
Takeda Pharmaceutical,MA,Cambridge
"IHRC, Inc.",GA,Atlanta
Kite Pharma,CA,Santa Monica
University of Tennessee Health Science Center,TN,Memphis
Allen Institute,WA,Seattle
Booz Allen Hamilton,MD,Bethesda
Takeda Pharmaceutical,MA,Cambridge
Frederick National Laboratories,MD,Frederick
Novartis,MA,Cambridge
Areté,CA,Northridge
Roche,CA,Pleasanton
Directed Genomics,MA,Watertown
AbbVie,IL,Lake County
GSK,MA,Waltham
Directed Genomics,MA,Ipswich
GenoSensor Corporation,AZ,Tempe
Merck KGaA,MA,Billerica
"IHRC, Inc.",GA,Atlanta
Kite Pharma,CA,Santa Monica
Takeda Pharmaceutical,MA,Boston
Novartis,MA,Cambridge
UCLA Health,CA,Los Angeles
Tekruiting,CA,San Jose
Takeda Pharmaceutical,MA,Boston
Eclipse BioInnovations,CA,San Diego
"GENEWIZ, Inc.",NJ,South Plainfield
Roche,CA,Pleasanton
Roche,CA,Pleasanton
Takeda Pharmaceutical,MA,Boston
Centrillion,CA,Palo Alto
Hill's Pet Nutrition,KS,Topeka
Q Bio,CA,Redwood City
Catalytic Data Science,CT,Connecticut
"CBL Path, Inc.",NY,Rye Brook
Invitae,CA,San Francisco
Fulgent Genetics,CA,Temple City
Vanderbilt University Medical Center,TN,Nashville
Kite Pharma,CA,Santa Monica
Utah Valley University,UT,Orem
Thermo Fisher Scientific,NY,New York
Utah Valley University,UT,Orem
H. Lee Moffitt Cancer Center,FL,Tampa
University of California San Francisco,CA,San Francisco
"Personalis, Inc",CA,Menlo Park
Roche,CA,Pleasanton
The University of Texas Health Science Center at Houston,TX,Houston
"TurnKey Staffing, LLC",PA,Philadelphia
Frederick National Laboratories,MD,Frederick
Frederick National Laboratories,MD,Frederick
"BioFire Diagnostics, LLC.",UT,Salt Lake City
Takeda Pharmaceutical,MA,Cambridge
"GENEWIZ, Inc.",NJ,South Plainfield
Takeda Pharmaceutical,MA,Cambridge
Frederick National Laboratories,MD,Frederick
UCLA Health,CA,Los Angeles
"IHRC, Inc.",GA,Atlanta
Kite Pharma,CA,Santa Monica
Schrödinger,NY,New York
The Salk Institute for Biological Studies,CA,La Jolla
UCLA Health,CA,Los Angeles
NemaLife Inc,TX,Dallas
Battelle National Biodefense Inst,MD,Fort Detrick
RTI International,NC,Durham
Computercraft,MD,Bethesda
QIAGEN,MD,Frederick
"Checkerspot, Inc.",CA,Berkeley
Eclipse BioInnovations,CA,San Diego
Bristol Myers Squibb,MA,Cambridge
Baylor College of Medicine,TX,Houston
Broad Institute,MA,Cambridge
Fulgent Genetics,CA,Temple City
"ArcherDX, Inc.",CO,Boulder
Takeda Pharmaceutical,MA,Boston
"IHRC, Inc.",GA,Atlanta
United Therapeutics,NJ,Newark
"GENEWIZ, Inc.",NJ,South Plainfield
Directed Genomics,MA,Watertown
Novartis,MA,Cambridge
Areté,CA,Northridge
Buck Institute for Research on Aging,CA,Novato
Thermo Fisher Scientific,TX,Fort Worth
Twist Bioscience,CA,South San Francisco
Massachusetts General Hospital(MGH),MA,Charlestown
Arizona State University,AZ,Tempe
Luye Pharma Group,MA,Boston
UNC Charlotte,NC,Charlotte
Fluent BioSciences Inc,MA,Watertown
Directed Genomics,MA,Watertown
Inova Health System,VA,Falls Church
Eclipse BioInnovations,CA,San Diego
Takeda Pharmaceutical,MA,Boston
Novartis,MA,Cambridge
Broad Institute,MA,Cambridge
Bayer,MO,Chesterfield
Qiagen,MD,Frederick
Codexis,CA,Redwood City
Vor Biopharma,MA,Cambridge
QIAGEN,MD,Frederick
"Personalis, Inc",CA,Menlo Park
Kite Pharma,CA,Santa Monica
Roche,CA,Pleasanton
Directed Genomics,MA,Watertown
"GENEWIZ, Inc.",NJ,South Plainfield
George Washington University,DC,Foggy Bottom
Codexis,CA,Redwood City
Takeda Pharmaceutical,MA,Boston
SummerBio,CA,Menlo Park
Buck Institute for Research on Aging,CA,Novato
Fulgent Genetics,CA,Temple City
Takeda Pharmaceutical,MA,Cambridge
Eclipse BioInnovations,CA,San Diego
Kite Pharma,CA,Santa Monica
Takeda Pharmaceutical,MA,Cambridge
Resolution Bioscience,WA,Kirkland
Mount Sinai,NY,New York
Axle Informatics,MD,Rockville
AdvaGenix,MD,Rockville
Novartis,MA,Cambridge
"IHRC, Inc.",GA,Atlanta
Buck Institute for Research on Aging,CA,Novato
"GENEWIZ, Inc.",NJ,South Plainfield
Areté,CA,Northridge
Takeda Pharmaceuticals,MA,Boston
GENENTECH,CA,South San Francisco
10x Genomics,CA,Pleasanton
NemaLife Inc,TX,Amarillo
Ambry Genetics,CA,Aliso Viejo
Thermo Fisher Scientific,TX,Austin
BlueSphere Bio,PA,Pittsburgh
Roche,CA,Pleasanton
Admera Health,NJ,South Plainfield
Directed Genomics,MA,Watertown
Buck Institute for Research on Aging,CA,Novato
Roche,CA,Pleasanton
Takeda Pharmaceutical,MA,Boston
"BioFire Diagnostics, LLC.",UT,Salt Lake City
Tekruiting,CA,San Jose
Eclipse BioInnovations,CA,San Diego
Tekruiting,CA,San Jose
"BioFire Diagnostics, LLC.",UT,Salt Lake City
Takeda Pharmaceutical,MA,Boston
Fulgent Genetics,CA,Temple City
Axle Informatics,MD,Rockville
Exponent,WA,Bellevue
AccuraScience,IA,Johnston
"BioFire Diagnostics, LLC.",UT,Salt Lake City
Eclipse BioInnovations,CA,San Diego
Frederick National Laboratories,MD,Frederick
Buck Institute for Research on Aging,CA,Novato
Roche,CA,Pleasanton
iNDX.Ai,CA,Cupertino
Quest Diagnostics,TX,Lewisville
Sage Bionetworks,WA,Seattle
UCLA Health,CA,Los Angeles
Oregon Health & Science University,OR,Portland
Takeda Pharmaceutical,MA,Boston
Kite Pharma,CA,Santa Monica
Eclipse BioInnovations,CA,San Diego
Tekruiting,CA,San Jose
UCLA Health,CA,Los Angeles
Kite Pharma,CA,Santa Monica
GENENTECH,CA,South San Francisco
bluebird bio,MA,Cambridge
GENENTECH,CA,South San Francisco
Thermo Fisher Scientific,CA,West Hills
University of Colorado Denver I Anschutz,CO,Aurora
"The Roskamp Institute, Inc.",FL,Sarasota
SEMA4,CT,Branford
Takeda Pharmaceutical,MA,Boston
"GENEWIZ, Inc.",NJ,South Plainfield
United Therapeutics,NJ,Newark
"BioFire Diagnostics, LLC.",UT,Salt Lake City
"IHRC, Inc.",GA,Atlanta
Weill Cornell Medicine,NY,New York
Bayer,MO,Chesterfield
AYUMETRIX LLC,OR,Lake Oswego
"Personalis, Inc",CA,Menlo Park
BRS,GA,Atlanta
Baylor College of Medicine,TX,Houston
PPD,NJ,Township of Hamilton
Takeda Pharmaceutical,MA,Boston
Kite Pharma,CA,Santa Monica
Areté,CA,Northridge
Tekruiting,CA,San Jose
Kite Pharma,CA,Santa Monica
Novartis,MA,Cambridge
United Therapeutics,GA,Atlanta
"OraSure Technologies, Inc.",TX,Houston
Odyssey Systems,MD,Fort Detrick
Children's Hospital of Philadelphia,PA,Philadelphia
SummerBio,CA,Menlo Park
"GENEWIZ, Inc.",NJ,South Plainfield
Eclipse BioInnovations,CA,San Diego
Tekruiting,CA,San Jose
"GENEWIZ, Inc.",NJ,South Plainfield
Kite Pharma,CA,Santa Monica
Novartis,MA,Cambridge
Areté,CA,Northridge
United Therapeutics,NJ,Newark
Directed Genomics,MA,Watertown
United Therapeutics,GA,Atlanta
Thermo Fisher Scientific,CA,Carlsbad
"Bio-Rad Laboratories, Inc.",CA,Pleasanton
"GENEWIZ, Inc.",NJ,South Plainfield
Areté,CA,Northridge
QIAGEN,MD,Frederick
Takeda Pharmaceutical,MA,Boston
Frederick National Laboratories,MD,Bethesda
Monte Rosa Therapeutics,MA,Boston
Sema4,CT,Stamford
"Agilent Technologies, Inc.",MO,St. Louis
ASRT Inc.,GA,Atlanta
Memphis Meats,CA,Berkeley
Scripps Research,CA,La Jolla
Dragonfly Therapeutics,MA,Waltham
Genesis Research,NJ,Hoboken
SOPHiA GENETICS,MA,Boston
Directed Genomics,MA,Watertown
Takeda Pharmaceutical,MA,Boston
Novartis,MA,Cambridge
Eclipse BioInnovations,CA,San Diego
United Therapeutics,NJ,Newark
Tekruiting,CA,San Jose
"GENEWIZ, Inc.",NJ,South Plainfield
Washington University in St. Louis,MO,St. Louis
Baylor College of Medicine,TX,Houston
"ArcherDX, Inc.",CO,Boulder
"Seres Therapeutics, Inc.",MA,Cambridge
Pfizer,NC,Morrisville
Celsee,MI,Ann Arbor
Baylor College of Medicine,TX,Houston
Lei Zhang Lab at Purdue University,IN,West Lafayette
COSMOSID,MD,Rockville
Frederick National Laboratories,MD,Frederick
Takeda Pharmaceutical,MA,Boston
Novartis,MA,Cambridge
Tekruiting,CA,San Jose
Roche,CA,Pleasanton
Takeda Pharmaceutical,MA,Boston
Takeda Pharmaceutical,MA,Boston
"Flagship Pioneering, Inc.",MA,Cambridge
Thermo Fisher Scientific,CA,Los Angeles
University at Buffalo,NY,Buffalo
Washington University in St. Louis,MO,St. Louis
H. Lee Moffitt Cancer Center,FL,Tampa
TGen,AZ,Phoenix
Directed Genomics,MA,Watertown
Buck Institute for Research on Aging,CA,Novato
Takeda Pharmaceutical,MA,Boston
Novartis,MA,Cambridge
"IHRC, Inc.",GA,Atlanta
Tekruiting,CA,San Jose
UCLA Health,CA,Los Angeles
Eclipse BioInnovations,CA,San Diego
Washington University in St. Louis,MO,St. Louis
UT Southwestern Medical Center,TX,Dallas
University of Pennsylvania,PA,Philadelphia
Active Motif Inc,CA,Carlsbad
Regeneron,NY,Tarrytown
Massachusetts General Hospital(MGH),MA,Cambridge
Merck,MA,Cambridge
"Personalis, Inc",CA,Menlo Park
Roche,CA,Pleasanton
Leidos,CA,San Diego
"Checkerspot, Inc.",CA,Berkeley
Roche,CA,Pleasanton
Buck Institute for Research on Aging,CA,Novato
Takeda Pharmaceutical,MA,Cambridge
"GENEWIZ, Inc.",NJ,South Plainfield
Pfizer,CT,Groton
Thermo Fisher Scientific,CA,South San Francisco
Roche,CA,Pleasanton
Fulgent Genetics,GA,Atlanta
United Therapeutics,MD,Silver Spring
Takeda Pharmaceutical,MA,Boston
"TurnKey Staffing, LLC",PA,Philadelphia
AdvaGenix,MD,Rockville
Fulgent Genetics,CA,Temple City
"BioFire Diagnostics, LLC.",UT,Salt Lake City
ASRT Inc.,GA,Atlanta
"ArcherDX, Inc.",CO,Boulder
Johnson & Johnson Family of Companies,CA,San Diego
"MEI Technologies, Inc.",TX,Houston
Worcester Polytechnic Institute,MA,Worcester
Duke Careers,NC,Durham
United Therapeutics,GA,Atlanta
Directed Genomics,MA,Watertown
Areté,CA,Northridge
United Therapeutics,NJ,Newark
Novartis,MA,Cambridge
Tekruiting,CA,San Jose
"GENEWIZ, Inc.",NJ,South Plainfield
Eclipse BioInnovations,CA,San Diego
Kite Pharma,CA,Santa Monica
Hexagon Bio,CA,Menlo Park
Allen Institute,WA,Seattle
Takeda Pharmaceuticals,MA,Boston
AstraZeneca,MD,Gaithersburg
Battelle National Biodefense Inst,MD,Fort Detrick
Roche,CA,Pleasanton
The University of Texas Health Science Center at Houston,TX,Houston
"Personalis, Inc",CA,Menlo Park
"Checkerspot, Inc.",CA,Berkeley
Directed Genomics,MA,Watertown
"GENEWIZ, Inc.",NJ,South Plainfield
Kite Pharma,CA,Santa Monica
Tekruiting,CA,San Jose
MedGenome,CA,Foster City
insitro,CA,South San Francisco
Tribiosys,MA,Waltham
Kelly,CA,South San Francisco
Takeda Pharmaceutical,MA,Boston
Fulgent Genetics,CA,Temple City
City of Hope,CA,Irwindale
Roche,CA,Pleasanton
Areté,CA,Northridge
United Therapeutics,NJ,Newark
Cepheid,CA,Sunnyvale
H3 Biomedicine,MA,Cambridge
Baidu USA,CA,Sunnyvale
Northwestern University,IL,Chicago
UT Southwestern,TX,Dallas
Novo Nordisk,CA,Fremont
The University of Texas Health Science Center at Houston,TX,Houston
QIAGEN,MD,Frederick
"Checkerspot, Inc.",CA,Berkeley
Roche,CA,Pleasanton
United Therapeutics,NJ,Newark
Tekruiting,CA,San Jose
Novartis,MA,Cambridge
Eclipse BioInnovations,CA,San Diego
Directed Genomics,MA,Watertown
Natera,CA,San Carlos
Houston Methodist,TX,Houston
Fabric Genomics,CA,Oakland
Northwestern University,IL,Chicago
"ArcherDX, Inc.",CO,Boulder
Bristol Myers Squibb,NJ,Princeton
10x Genomics,CA,California
Abbott Laboratories,IL,Abbott Park
The University of Texas Health Science Center at Houston,TX,Houston
Takeda Pharmaceutical,MA,Cambridge
United Therapeutics,DC,Washington
Directed Genomics,MA,Watertown
United Therapeutics,NJ,Newark
Tekruiting,CA,San Jose
Novartis,MA,Cambridge
10x Genomics,NY,New York State
Johnson & Johnson Family of Companies,PA,Spring House
The University of Chicago,IL,Chicago
"Personalis, Inc",CA,Menlo Park
"Cardinal Intellectual Property, Inc",IL,Evanston
CooperSurgical,TX,Houston
Natera,OR,Portland
"Element Genomics, Inc.",NC,Durham
"TurnKey Staffing, LLC",PA,Philadelphia
Frederick National Laboratories,MD,Frederick
"Checkerspot, Inc.",CA,Berkeley
Roche,CA,Pleasanton
Axle Informatics,MD,Rockville
UCLA Health,CA,Los Angeles
Fulgent Genetics,CA,Temple City
Novartis,MA,Cambridge
AdvaGenix,MD,Rockville
Eclipse BioInnovations,CA,San Diego
Areté,CA,Northridge
Tekruiting,CA,San Jose
"GENEWIZ, Inc.",NJ,South Plainfield
Kite Pharma,CA,Santa Monica
Novartis,MA,Cambridge
The University of Chicago,IL,Chicago
GENENTECH,CA,South San Francisco
United Therapeutics,NC,Research Triangle Park
University of Utah,UT,Salt Lake City
LabCorp,MA,Town of Westborough
Areté,CA,Northridge
United Therapeutics,NJ,Newark
"GRAIL, Inc.",CA,Menlo Park
US Department of Agriculture,ID,Moscow
Codexis,CA,Redwood City
Bayer,MO,Chesterfield
University of Colorado Boulder,CO,Boulder
CareDx,CA,Brisbane
Leidos,MD,Bethesda
GENENTECH,CA,South San Francisco
"Checkerspot, Inc.",CA,Berkeley
Leidos,CA,San Diego
"BioFire Diagnostics, LLC.",UT,Salt Lake City
Takeda Pharmaceutical,MA,Cambridge
UT Southwestern Medical Center,TX,Dallas
Fulgent Genetics,CA,Temple City
Buck Institute for Research on Aging,CA,Novato
United Therapeutics,NJ,Newark
UCLA Health,CA,Los Angeles
SummerBio,CA,Menlo Park
Eclipse BioInnovations,CA,San Diego
Syros Pharmaeuticals Inc,MA,Cambridge
Marine Biological Laboratory,MA,Woods Hole
Natera,TX,Austin
University of California San Francisco,CA,San Francisco
GENENTECH,CA,South San Francisco
Areté,CA,Northridge
Novartis,MA,Cambridge
Tekruiting,CA,San Jose
"GENEWIZ, Inc.",NJ,South Plainfield
Kite Pharma,CA,Santa Monica
Indigo,MA,Boston
University of California San Francisco,CA,San Francisco
"GENEWIZ, Inc.",NJ,South Plainfield
Novel Microdevices,MD,Baltimore
GENENTECH,CA,South San Francisco
NemaLife Inc,TX,Abilene
Directed Genomics,MA,Watertown
Roche,CA,Pleasanton
Takeda Pharmaceutical,MA,Boston
"GENEWIZ, Inc.",NJ,South Plainfield
"IHRC, Inc.",GA,Atlanta
Areté,CA,Northridge
Pathway Genomics,CA,San Diego
Blueprint Medicines,MA,Cambridge
California Medical Innovations Institute,CA,San Diego
Fulgent Genetics,CA,Temple City
K-State,KS,Manhattan
Sciome LLC,NC,Research Triangle Park
MD Anderson Cancer Center,TX,Houston
Fulgent Genetics,CA,Temple City
UCLA Health,CA,Los Angeles
Directed Genomics,MA,Watertown
United Therapeutics,GA,Atlanta
"IHRC, Inc.",GA,Atlanta
Eclipse BioInnovations,CA,San Diego
Tekruiting,CA,San Jose
Illumina,CA,San Diego
The Rockefeller University,NY,New York
Gritstone Oncology,MA,Cambridge
USC,CA,Los Angeles
GENENTECH,CA,South San Francisco
Ohio State University Medical Center,OH,Columbus
Takeda Pharmaceutical,MA,Boston
UCLA Health,CA,Los Angeles
Novartis,MA,Cambridge
"IHRC, Inc.",GA,Atlanta
University of Utah,UT,Salt Lake City
GENENTECH,CA,South San Francisco
"Foundation Medicine, Inc.",MA,Boston
Cedars-Sinai,CA,Los Angeles
Thermo Fisher Scientific,CA,South San Francisco
University of Wisconsin–Madison,WI,Madison
Massachusetts General Hospital(MGH),MA,Boston
Massachusetts General Hospital(MGH),MA,Charlestown
Roche,CA,Pleasanton
Roche,CA,Pleasanton
Novartis,MA,Cambridge
Buck Institute for Research on Aging,CA,Novato
Frederick National Laboratories,MD,Frederick
United Therapeutics,NJ,Newark
GENENTECH,CA,South San Francisco
Bayer,CA,Woodland
Ohio State University Medical Center,OH,Columbus
Guardant Health,CA,Redwood City
Novartis,MA,Cambridge
Takeda Pharmaceutical,MA,Boston
"GENEWIZ, Inc.",NJ,South Plainfield
Eclipse BioInnovations,CA,San Diego
UCLA Health,CA,Los Angeles
Tekruiting,CA,San Jose
Takeda Pharmaceutical,MA,Boston
Kite Pharma,CA,Santa Monica
Tekruiting,CA,San Jose
Thermo Fisher Scientific,AR,Little Rock
Johns Hopkins School of Medicine,MD,Baltimore
Karuna Therapeutics,IN,Indianapolis
University of Massachusetts Medical School,MA,Worcester
UT Health Science Center at San Antonio,TX,San Antonio
United Therapeutics,NJ,Newark
Novartis,MA,Cambridge
"GENEWIZ, Inc.",NJ,South Plainfield
Eclipse BioInnovations,CA,San Diego
Tekruiting,CA,San Jose
Texas A&M AgriLife Research,TX,Stephenville
Rutgers University,NJ,New Brunswick
Morehouse School Of Medicine,GA,Atlanta
Eli Lilly,IN,Indianapolis
Merck,MA,Boston
Thermo Fisher Scientific,CA,South San Francisco
Novartis,MA,Cambridge
Areté,CA,Northridge
"GENEWIZ, Inc.",NJ,South Plainfield
Kite Pharma,CA,Santa Monica
"IHRC, Inc.",GA,Atlanta
Novartis,MA,Cambridge
United Therapeutics,GA,Atlanta
GeneDx,MD,Gaithersburg
UCLA Health,CA,Los Angeles
Fulgent Genetics,CA,Temple City
Eclipse BioInnovations,CA,San Diego
10x Genomics,CA,Pleasanton
NemaLife Inc,OK,Oklahoma City
Cedars-Sinai,CA,Los Angeles
Remix Therapeutics,MA,Cambridge
University of California Santa Cruz,CA,Santa Cruz
Sun Genomics,CA,San Diego
Baylor College of Medicine,TX,Houston
The Regents of the University of California,CA,Irvine
Directed Genomics,MA,Watertown
Areté,CA,Northridge
Roche,CA,Pleasanton
Frederick National Laboratories,MD,Frederick
Roche,CA,Pleasanton
Roche,CA,Pleasanton
Tekruiting,CA,San Jose
Guardant Health,CA,Redwood City
NemaLife Inc,NM,Albuquerque
Brigham & Women's Hospital(BWH),MA,Boston
Association of Environmental Engineering and Scien...,HI,Hawaii
Oklahoma Medical Research Foundation,OK,Oklahoma City
Broad Institute,MA,Cambridge
"TurnKey Staffing, LLC",PA,Philadelphia
Roche,CA,Pleasanton
"Personalis, Inc",CA,Menlo Park
Leidos,CA,San Diego
Fulgent Genetics,GA,Atlanta
Takeda Pharmaceutical,MA,Boston
Eclipse BioInnovations,CA,San Diego
SummerBio,CA,Menlo Park
Axle Informatics,MD,Rockville
Rutgers University,NJ,New Brunswick
Mission Bio,CA,South San Francisco
Caris Life Sciences,AZ,Phoenix
Second Genome,CA,Brisbane
"BioFire Diagnostics, LLC.",UT,Salt Lake City
Roche,CA,Pleasanton
Directed Genomics,MA,Watertown
Roche,CA,Pleasanton
Takeda Pharmaceutical,MA,Cambridge
QIAGEN,MD,Frederick
GENENTECH,CA,South San Francisco
"ArcherDX, Inc.",CO,Boulder
"Foundation Medicine, Inc.",MA,Cambridge
Natera,CA,San Carlos
Schrödinger,MA,Boston
Codexis,CA,Redwood City
"GENEWIZ, Inc.",NJ,South Plainfield
Areté,CA,Northridge
United Therapeutics,NJ,Newark
United Therapeutics,GA,Atlanta
"BioFire Diagnostics, LLC.",UT,Salt Lake City
United Therapeutics,DC,Washington
RayBiotech,GA,Atlanta
United Therapeutics,MD,Silver Spring
University of Washington,WA,Seattle
Greenlight Biosciences Inc,NC,Research Triangle Park
Freenome Holdings,CA,South San Francisco
University of Florida,FL,Florida
Roche,CA,Pleasanton
Takeda Pharmaceutical,MA,Boston
"BioFire Diagnostics, LLC.",UT,Salt Lake City
"Checkerspot, Inc.",CA,Berkeley
Buck Institute for Research on Aging,CA,Novato
Directed Genomics,MA,Watertown
"GENEWIZ, Inc.",NJ,South Plainfield
QIAGEN,LA,Central
GSK,PA,Philadelphia
Sanofi,MA,Cambridge
Immuneering,CA,San Diego
United Therapeutics,GA,Atlanta
United Therapeutics,NJ,Newark
Directed Genomics,MA,Watertown
The University of Texas Health Science Center at Houston,TX,Houston
Fulgent Genetics,CA,Temple City
Takeda Pharmaceutical,MA,Cambridge
Areté,CA,Northridge
"GRAIL, Inc.",CA,Menlo Park
"Inari Agriculture, Inc.",IN,West Lafayette
Takeda Pharmaceutical,MA,Boston
The University of Texas Health Science Center at Houston,TX,Houston
Axle Informatics,MD,Rockville
Tekruiting,CA,San Jose
Directed Genomics,MA,Watertown
United Therapeutics,DC,Washington
Takeda Pharmaceutical,MA,Boston
The Jackson Laboratory,ME,Bar Harbor
Lawrence Berkeley National Laboratory,CA,San Francisco Bay Area
10x Genomics,CA,Pleasanton
University of Notre Dame,IN,Notre Dame
SummerBio,CA,Menlo Park
United Therapeutics,GA,Atlanta
Frederick National Laboratories,MD,Bethesda
Tekruiting,CA,San Jose
"BioFire Diagnostics, LLC.",UT,Salt Lake City
Roche,CA,Pleasanton
UC Riverside,CA,Riverside
University of Pennsylvania,PA,Philadelphia
Natera,TX,Austin
Idaho State University,ID,Pocatello
GSK,MD,Rockville
Takeda Pharmaceutical,MA,Cambridge
Roche,CA,Pleasanton
SummerBio,CA,Menlo Park
Roche,CA,Pleasanton
The University of Texas Health Science Center at Houston,TX,Houston
Takeda Pharmaceutical,MA,Boston
Novartis,MA,Cambridge
"BioFire Diagnostics, LLC.",UT,Salt Lake City
UCLA Health,CA,Los Angeles
Cell Signaling Technology,MA,Danvers
AbSci,WA,Vancouver
Clock Foundation,CA,Torrance
GENENTECH,CA,South San Francisco
Takeda Pharmaceutical,MA,Boston
Roche,CA,Pleasanton
Goldfinch Bio,MA,Cambridge
Fulgent Genetics,GA,Atlanta
United Therapeutics,MD,Silver Spring
United Therapeutics,GA,Atlanta
"BioFire Diagnostics, LLC.",UT,Salt Lake City
"IHRC, Inc.",GA,Atlanta
Tekruiting,CA,San Jose
Facebook,WA,Redmond
Baylor College of Medicine,TX,Houston
UMMC,MS,Jackson
Baylor College of Medicine,TX,Houston
Integrated DNA Technologies (IDT),IA,Coralville
Roche,CA,Pleasanton
Frederick National Laboratories,MD,Frederick
Roche,CA,Pleasanton
Axle Informatics,MD,Rockville
"Checkerspot, Inc.",CA,Berkeley
Directed Genomics,MA,Watertown
United Therapeutics,DC,Washington
The University of Texas Health Science Center at Houston,TX,Houston
Eclipse BioInnovations,CA,San Diego
The Translational Genomics Research Institute,AZ,Phoenix
Northern Arizona University,AZ,Flagstaff
WuXi AppTec Inc,MA,Cambridge
Ginkgo Bioworks,MA,Boston
Thermo Fisher Scientific,CA,Santa Clara
Piney Technical Services,MO,Kansas City
Fulgent Genetics,CA,Temple City
Frederick National Laboratories,MD,Frederick
Leidos,CA,San Diego
United Therapeutics,GA,Atlanta
"IHRC, Inc.",GA,Atlanta
Areté,CA,Northridge
Buck Institute for Research on Aging,CA,Novato
Cold Spring Harbor Laboratory,NY,Cold Spg Hbr
UPMC,PA,Pittsburgh
GENENTECH,CA,South San Francisco
"BioFire Diagnostics, LLC.",UT,Salt Lake City
Directed Genomics,MA,Watertown
Frederick National Laboratories,MD,Frederick
Eclipse BioInnovations,CA,San Diego
Tekruiting,CA,San Jose
Areté,CA,Northridge
Natera,TX,Austin
Natera,TX,Austin
Amgen,CA,Thousand Oaks
Georgia College,GA,Milledgeville
Mount Sinai,NY,New York
Corteva Agriscience,IA,Johnston
United Therapeutics,NJ,Newark
QIAGEN,MD,Frederick
United Therapeutics,GA,Atlanta
Takeda Pharmaceutical,MA,Boston
Kite Pharma,CA,Santa Monica
"Checkerspot, Inc.",CA,Berkeley
OMRF,OK,Oklahoma City
Abcam,CT,Branford
Cincinnati Children's Hospital,OH,Cincinnati
New York Botanical Garden,NY,Bronx
10x Genomics,CA,Pleasanton
GenoSensor Corporation,AZ,Tempe
"Baebies, Inc.",NC,Durham
Bayer,MO,Chesterfield
"IHRC, Inc.",GA,Atlanta
Takeda Pharmaceutical,MA,Boston
"GENEWIZ, Inc.",NJ,South Plainfield
Frederick National Laboratories,MD,Bethesda
United Therapeutics,DC,Washington
United Therapeutics,NJ,Newark
Frederick National Laboratories,MD,Frederick
Takeda Pharmaceutical,MA,Boston
Buck Institute for Research on Aging,CA,Novato
Inscripta Inc,CO,Boulder
OMRF,OK,Oklahoma City
University of Notre Dame,IN,Notre Dame
Lawrence Berkeley National Laboratory,CA,San Francisco Bay Area
La Jolla Institute for Immunology,CA,San Diego
NeoGenomics Laboratories,CA,Aliso Viejo
Areté,CA,Northridge
Oregon Health & Science University,OR,Portland
Scripps Research,CA,La Jolla
Bayer,MO,Chesterfield
Foresight Diagnostics,CO,Aurora
Children's Hospital Los Angeles,CA,Los Angeles
Codexis,CA,Redwood City
Tekruiting,CA,San Jose
Novartis,MA,Cambridge
Eclipse BioInnovations,CA,San Diego
"BioFire Diagnostics, LLC.",UT,Salt Lake City
Directed Genomics,MA,Watertown
United Therapeutics,DC,Washington
Eclipse BioInnovations,CA,San Diego
Novartis,MA,Cambridge
"BioFire Diagnostics, LLC.",UT,Salt Lake City
Roche,CA,Pleasanton
Frederick National Laboratories,MD,Frederick
The University of Texas Health Science Center at Houston,TX,Houston
University of Nebraska,NE,Lincoln
Thermo Fisher Scientific,MD,Baltimore
Research Square Company,NC,Durham
Pendulum.co,CA,San Francisco
GENENTECH,CA,South San Francisco
Delaware State University,DE,Dover
Thermo Fisher Scientific,DE,Delaware
Kite Pharma,CA,Santa Monica
Directed Genomics,MA,Watertown
Rapid Genomics,FL,Gainesville
Fulgent Genetics,CA,Temple City
The University of Texas Health Science Center at Houston,TX,Houston
AdvaGenix,MD,Rockville
Dept of State Health Services,TX,Austin
University of Notre Dame,IN,Notre Dame
Celsee,MI,Ann Arbor
Bristol Myers Squibb,MA,Cambridge
Zebra Medical Vision,IL,Illinois
BASF Corporation,NC,Morrisville
Tempus,IL,Chicago
Weill Cornell Medicine,NY,New York
Eclipse BioInnovations,CA,San Diego
Tekruiting,CA,San Jose
"GENEWIZ, Inc.",NJ,South Plainfield
Kite Pharma,CA,Santa Monica
Directed Genomics,MA,Watertown
Roche,CA,Pleasanton
Sanford Burnham Prebys Medical Discovery Institute,CA,La Jolla
Thermo Fisher Scientific,CA,South San Francisco
Loxo Oncology,CA,South San Francisco
Texas Biomedical Research Institute,TX,San Antonio
National Human Genome Research Institute,MD,Bethesda
Natera,TX,Austin
The Rector & Visitors of the University of Virgini...,VA,Charlottesville
"GENEWIZ, Inc.",NJ,South Plainfield
Eclipse BioInnovations,CA,San Diego
University of Notre Dame,IN,Notre Dame
Sage Bionetworks,WA,Seattle
Vanderbilt University Medical Center,TN,Nashville
New York Genome Center,NY,New York
Natera,CA,San Carlos
RTI International,NC,Durham
Lawrence Berkeley National Laboratory,CA,San Francisco Bay Area
Novartis,MA,Cambridge
Kite Pharma,CA,Santa Monica
Areté,CA,Northridge
Roche,CA,Pleasanton
QIAGEN,MD,Frederick
"GENEWIZ, Inc.",NJ,South Plainfield
St Francis,NY,Roslyn
GENENTECH,CA,South San Francisco
Atreca,CA,South San Francisco
Sema4,CT,Stamford
"IHRC, Inc.",GA,Atlanta
UCLA Health,CA,Los Angeles
Directed Genomics,MA,Watertown
"Checkerspot, Inc.",CA,Berkeley
Frederick National Laboratories,MD,Frederick
QIAGEN,MD,Frederick
Eclipse BioInnovations,CA,San Diego
Mallinckrodt,MO,Hazelwood
United Therapeutics,NC,Research Triangle Park
RTI International,NC,Durham
Cold Spring Harbor Laboratory,NY,Cold Spring Harbor
Guardant Health,CA,Redwood City
University of California Santa Cruz,CA,Santa Cruz
Invitae,CA,San Francisco
Kite Pharma,CA,Santa Monica
"GENEWIZ, Inc.",NJ,South Plainfield
Novartis,MA,Cambridge
"IHRC, Inc.",GA,Atlanta
"BioFire Diagnostics, LLC.",UT,Salt Lake City
Frederick National Laboratories,MD,Frederick
Kite Pharma,CA,Santa Monica
Bristol Myers Squibb,MA,Cambridge
University of Florida,FL,Gainesville
Massachusetts General Hospital(MGH),MA,Boston
Washington University in St. Louis,MO,St. Louis
Buck Institute for Research on Aging,CA,Novato
Ashion Analytics LLC,AZ,Phoenix
"Flagship Pioneering, Inc.",MA,Cambridge
Areté,CA,Northridge
MedGenome,CA,Foster City
Buck Institute for Research on Aging,CA,Novato
"Personalis, Inc",CA,Menlo Park
The University of Texas Health Science Center at Houston,TX,Houston
Takeda Pharmaceutical,MA,Boston
United Therapeutics,GA,Atlanta
Eclipse BioInnovations,CA,San Diego
GENENTECH,CA,South San Francisco
GENENTECH,CA,South San Francisco
Washington University in St. Louis,MO,St. Louis
Axle Informatics,MD,Rockville
ASRT Inc.,GA,Atlanta
Delaware State University,DE,Dover
Children's National Hospital,DC,Washington
USC,CA,Los Angeles
Vela Operations USA,UT,Salt Lake City
Fulgent Genetics,CA,Temple City
Tekruiting,CA,San Jose
"GENEWIZ, Inc.",NJ,South Plainfield
Kite Pharma,CA,Santa Monica
Novartis,MA,Cambridge
United Therapeutics,NJ,Newark
Areté,CA,Northridge
United Therapeutics,GA,Atlanta
Tekruiting,CA,San Jose
Natera,CA,San Carlos
University of Wisconsin–Madison,WI,Madison
Charles River Laboratories,DE,Newark
Pacific Northwest National Laboratory,WA,Richland
Natera,OR,Portland
University of Utah,UT,Salt Lake City
Covance,CA,Los Angeles
UC San Diego,CA,San Diego
Massachusetts General Hospital(MGH),MA,Boston
Kite Pharma,CA,Santa Monica
United Therapeutics,GA,Atlanta
Directed Genomics,MA,Watertown
United Therapeutics,DC,Washington
Buck Institute for Research on Aging,CA,Novato
Frederick National Laboratories,MD,Frederick
eGenesis Bio,MA,Cambridge
ASRT Inc.,GA,Atlanta
La Jolla Institute for Immunology,CA,San Diego
"GENEWIZ, Inc.",NJ,South Plainfield
Invitae,CA,San Francisco
UCLA Health,CA,Los Angeles
Directed Genomics,MA,Watertown
Eclipse BioInnovations,CA,San Diego
Roche,CA,Pleasanton
The University of Texas Health Science Center at Houston,TX,Houston
SummerBio,CA,Menlo Park
United Therapeutics,GA,Atlanta
Eclipse BioInnovations,CA,San Diego
Ashion Analytics LLC,AZ,Phoenix
University of North Carolina at Chapel Hill,NC,Chapel Hill
UCB S.A.,MA,Cambridge
Jones Microbiology Institute Inc,IA,Iowa City
Scripps Research,CA,La Jolla
Tekruiting,CA,San Jose
"GENEWIZ, Inc.",NJ,South Plainfield
Kite Pharma,CA,Santa Monica
Novartis,MA,Cambridge
United Therapeutics,NJ,Newark
Areté,CA,Northridge
Takeda Pharmaceutical,MA,Boston
Tekruiting,CA,San Jose
Cincinnati Children's Hospital,OH,Cincinnati
Mount Sinai,NY,New York
Bristol Myers Squibb,CA,San Diego
Natera,TX,Austin
10x Genomics,CA,Pleasanton
Piney Technical Services,MO,Saint Joseph
La Jolla Institute for Immunology,CA,San Diego
Ambry Genetics,CA,Aliso Viejo
Washington University in St. Louis,MO,St. Louis
United Therapeutics,NJ,Newark
United Therapeutics,GA,Atlanta
UCLA Health,CA,Los Angeles
United Therapeutics,DC,Washington
SummerBio,CA,Menlo Park
Inova Health System,VA,Falls Church
Buck Institute for Research on Aging,CA,Novato
SummerBio,CA,Menlo Park
Areté,CA,Northridge
United Therapeutics,GA,Atlanta
Directed Genomics,MA,Watertown
"GENEWIZ, Inc.",NJ,South Plainfield
Kite Pharma,CA,Santa Monica
Eclipse BioInnovations,CA,San Diego
"Cardinal Intellectual Property, Inc",IL,Evanston
"BLH Technologies, Inc.",MD,Rockville
10x Genomics,CA,California
"ArcherDX, Inc.",CO,Boulder
Cedars-Sinai,CA,Los Angeles
Champions Oncology Inc.,MD,Rockville
Penn State University,PA,Hershey
University of Louisville,KY,Louisville
Axle Informatics,MD,Rockville
The University of Texas Health Science Center at Houston,TX,Houston
United Therapeutics,GA,Atlanta
Directed Genomics,MA,Watertown
Buck Institute for Research on Aging,CA,Novato
Inova Health System,VA,Falls Church
United Therapeutics,NJ,Newark
Areté,CA,Northridge
Novartis,MA,Cambridge
Progenity,CA,San Diego
Cedars-Sinai,CA,Los Angeles
National Organization f,DC,Washington
CareDx,CA,Brisbane
Takeda Pharmaceutical,MA,Boston
The University of Texas Health Science Center at Houston,TX,Houston
UCLA Health,CA,Los Angeles
SummerBio,CA,Menlo Park
"IHRC, Inc.",GA,Atlanta
United Therapeutics,NJ,Newark
United Therapeutics,GA,Atlanta
Tekruiting,CA,San Jose
Natera,CA,San Carlos
GENENTECH,CA,South San Francisco
Bristol Myers Squibb,NJ,Princeton
Atomwise,CA,San Francisco
"Dovel Technologies, LLC",MD,Bethesda
Duke Careers,NC,Durham
Northeastern University,MA,Boston
United Therapeutics,GA,Atlanta
Leidos,CA,San Diego
Takeda Pharmaceutical,MA,Boston
"IHRC, Inc.",GA,Atlanta
Roche,CA,Pleasanton
UCLA Health,CA,Los Angeles
Takeda Pharmaceutical,MA,Boston
"GENEWIZ, Inc.",NJ,South Plainfield
GENENTECH,CA,South San Francisco
CareDx,CA,South San Francisco
Gas Technology Institute,IL,Des Plaines
L7 Informatics,TX,Austin
GENENTECH,CA,South San Francisco
Seer,CA,Redwood City
Cedars-Sinai,CA,Los Angeles
GENENTECH,CA,South San Francisco
GENENTECH,CA,South San Francisco
QIAGEN,MD,Frederick
The University of Texas Health Science Center at Houston,TX,Houston
Roche,CA,Pleasanton
Directed Genomics,MA,Watertown
Frederick National Laboratories,MD,Frederick
Novartis,MA,Cambridge
Areté,CA,Northridge
UCLA Health,CA,Los Angeles
Ology Bioservices,FL,Alachua
Everest Clinical Research,NJ,Little Falls
Beaumont Health,MI,Royal Oak
Exact Sciences Corporation,CA,Redwood City
Battelle National Biodefense Inst,MD,Fort Detrick
The University of Chicago,IL,Chicago
Yale University,CT,New Haven
"OraSure Technologies, Inc.",TX,Houston
United Therapeutics,GA,Atlanta
Frederick National Laboratories,MD,Frederick
"BioFire Diagnostics, LLC.",UT,Salt Lake City
Roche,CA,Pleasanton
"Checkerspot, Inc.",CA,Berkeley
Roche,CA,Pleasanton
Novartis,MA,Cambridge
Kite Pharma,CA,Santa Monica
"GENEWIZ, Inc.",NJ,South Plainfield
UT Southwestern,TX,Dallas
Rheos Medicines,MA,Cambridge
Intellia,MA,Cambridge
GENENTECH,CA,South San Francisco
InterVenn,CA,South San Francisco
"Checkerspot, Inc.",CA,Berkeley
SummerBio,CA,Menlo Park
QIAGEN,MD,Frederick
"Personalis, Inc",CA,Menlo Park
United Therapeutics,NJ,Newark
Takeda Pharmaceutical,MA,Boston
Directed Genomics,MA,Watertown
Kite Pharma,CA,Santa Monica
GENENTECH,CA,South San Francisco
GENENTECH,CA,South San Francisco
GENENTECH,CA,South San Francisco
Qiagen,TX,West
QIAGEN,TX,West
Schneider,WI,Green Bay
Texas A&M AgriLife,TX,College Station